[
    {
        "ver": "0.1",
        "info": {
            "id": "XXjSRc",
            "date": "1710879145",
            "viewed": 37470,
            "name": "Jupiter and Io",
            "username": "edziewanowski",
            "description": "Illustration for an article about rendering billboard planets: https:\/\/emildziewanowski.com\/flat-planets\/\nJupiter uses animated texture (BufferA\/BufferB\/Channel0) while Io uses static one (Channel2)",
            "likes": 112,
            "published": 1,
            "flags": 32,
            "usePreview": 0,
            "tags": [
                "curl",
                "flow",
                "jupiter"
            ],
            "hasliked": 0,
            "parentid": "",
            "parentname": ""
        },
        "renderpass": [
            {
                "inputs": [
                    {
                        "id": "XdfGRn",
                        "filepath": "\/media\/a\/e6e5631ce1237ae4c05b3563eda686400a401df4548d0f9fad40ecac1659c46c.jpg",
                        "previewfilepath": "\/media\/ap\/e6e5631ce1237ae4c05b3563eda686400a401df4548d0f9fad40ecac1659c46c.jpg",
                        "type": "texture",
                        "channel": 2,
                        "sampler": {
                            "filter": "mipmap",
                            "wrap": "repeat",
                            "vflip": "true",
                            "srgb": "false",
                            "internal": "byte"
                        },
                        "published": 1
                    },
                    {
                        "id": "4sfGRn",
                        "filepath": "\/media\/a\/fb918796edc3d2221218db0811e240e72e340350008338b0c07a52bd353666a6.jpg",
                        "previewfilepath": "\/media\/ap\/fb918796edc3d2221218db0811e240e72e340350008338b0c07a52bd353666a6.jpg",
                        "type": "texture",
                        "channel": 3,
                        "sampler": {
                            "filter": "mipmap",
                            "wrap": "repeat",
                            "vflip": "true",
                            "srgb": "false",
                            "internal": "byte"
                        },
                        "published": 1
                    },
                    {
                        "id": "4dXGzn",
                        "filepath": "\/media\/a\/0c7bf5fe9462d5bffbd11126e82908e39be3ce56220d900f633d58fb432e56f5.png",
                        "previewfilepath": "\/media\/ap\/0c7bf5fe9462d5bffbd11126e82908e39be3ce56220d900f633d58fb432e56f5.png",
                        "type": "texture",
                        "channel": 1,
                        "sampler": {
                            "filter": "mipmap",
                            "wrap": "repeat",
                            "vflip": "true",
                            "srgb": "false",
                            "internal": "byte"
                        },
                        "published": 1
                    },
                    {
                        "id": "XsXGR8",
                        "filepath": "\/media\/previz\/buffer01.png",
                        "previewfilepath": "\/media\/previz\/buffer01.png",
                        "type": "buffer",
                        "channel": 0,
                        "sampler": {
                            "filter": "linear",
                            "wrap": "clamp",
                            "vflip": "true",
                            "srgb": "false",
                            "internal": "byte"
                        },
                        "published": 1
                    }
                ],
                "outputs": [
                    {
                        "id": "4dfGRr",
                        "channel": 0
                    }
                ],
                "code":"\n#define BackgroundColor vec3(0.0941, 0.1019, 0.0901)\n\n\/\/ Maps UV coordinates to a sphere's surface\nvec4 generateSphereSurfaceWithMask(vec2 uv, float radius) {\n    float radiusSquared = radius * radius;\n    float uvLengthSquared = dot(uv, uv);\n    float uvLength = sqrt(uvLengthSquared);\n    float mask = step(uvLength, radius);\n    vec3 surface = vec3(0.0, 0.0, 0.0);\n    if(mask > 0.0)\n    {\n        surface = vec3(uv \/ radius, sqrt(radiusSquared - uvLengthSquared));\n    }\n    else\n    {\n        surface = vec3(uv \/ uvLength, uvLength - radius);\n    }\n    return vec4(surface, mask);\n}\n\nvec2 generateSphericalUV(vec3 position, float spin)\n{\n    float width = sqrt(1.0 - position.y * position.y);\n    float generatrixX = position.x \/ width;\n    vec2 generatrix = vec2(generatrixX, position.y);\n    vec2 uv = asin(generatrix) \/ 3.14159 + vec2(0.5 + spin, 0.5);  \n    return vec2(uv);\n}\n\nmat3 createRotationMatrix(float pitch, float roll) {\n    float cosPitch = cos(pitch);\n    float sinPitch = sin(pitch);\n    float cosRoll = cos(roll);\n    float sinRoll = sin(roll);\n    return mat3(\n        cosRoll, -sinRoll * cosPitch, sinRoll * sinPitch,\n        sinRoll, cosRoll * cosPitch, -cosRoll * sinPitch,\n        0.0, sinPitch, cosPitch\n    );\n}\n\nvec4 atmosphere( vec4 sphereSurfaceWithMask, vec3 lightDirection, vec3 atmosphereColor, float haloWidth, float minAtmosphere, float maxAtmosphere, float falloff){\n    \n    vec3 absorbtion = vec3(2.0, 3.0, 4.0);\n    float inverseWidth = 1.0 \/ haloWidth;\n    float fresnelBlend = pow(1.0 - sphereSurfaceWithMask.z, falloff);\n    float amount = mix(minAtmosphere, maxAtmosphere, fresnelBlend);\n    vec3 normal = sphereSurfaceWithMask.xyz;\n    if(sphereSurfaceWithMask.w <0.5)\n {\n float haloBlend=pow(max(1.0 - sphereSurfaceWithMask.z*inverseWidth, 0.0), 5.0);\n amount=haloBlend * maxAtmosphere;\n normal=vec3(sphereSurfaceWithMask.xy, 0.0);\n }\n float light=max((dot(normal, lightDirection)+0.3)\/1.3, 0.0);\n vec3 absorbedLight=vec3( pow(light, absorbtion.x), pow(light, absorbtion.y),pow(light, absorbtion.z) );\n vec3 litAtmosphere=absorbedLight * atmosphereColor;\n return vec4(litAtmosphere, amount);\n}\n\n\/\ / Main image rendering function\nvoid mainImage(out vec4 fragColor, in vec2 fragCoord) {\n float shorterSide=min(iResolution.x, iResolution.y);\n float aspectRatio=iResolution.x \ / iResolution.y;\n vec2 offset=iResolution.x>iResolution.y ? vec2(aspectRatio, 1.0) * 0.5 : vec2(1.0, 1.0\/aspectRatio) * 0.5;\n        \n    vec2 uv = (fragCoord \/ shorterSide - offset );\n    float minDimension = min(iResolution.x, iResolution.y);\n    float maxDimension = max(iResolution.x, iResolution.y);\n    float maxAspectRatio = maxDimension \/ minDimension;\n    vec2 aspectFactor = iResolution.x > iResolution.y ? vec2(maxAspectRatio, 1.0) : vec2(1.0, maxAspectRatio);\n    \n    vec3 lightDirection = normalize(vec3(1.0, 1.0, 0.8));\n\n    \/\/Jupiter\n    vec4 jupiterSurfaceWithMask = generateSphereSurfaceWithMask(uv + vec2(0.2, 0.15), 0.6);\n    float jupiterLight = pow(max(dot(lightDirection, jupiterSurfaceWithMask.xyz), 0.0), 0.8);\n    vec4 jupiterAtmosphere = atmosphere( jupiterSurfaceWithMask, lightDirection, vec3(1.0, 0.7, 0.4) * 3.0, 0.2, 0.05, 0.6, 2.0);\n    float jupiterMask = clamp(jupiterSurfaceWithMask.w, 0.0, 1.0);\n    mat3 jupiterRotationMatrix = createRotationMatrix(-0.2, 0.3);\n    vec3 rotatedJupiter = jupiterRotationMatrix * (jupiterSurfaceWithMask.xyz * jupiterMask);\n    vec2 jupiterUV = generateSphericalUV(rotatedJupiter, iTime*0.02);\n    vec3 jupiterTexture = texture(iChannel0, fract((jupiterUV*2.2 + vec2(0.0, 0.8))* aspectFactor)\/aspectFactor).xyz;\n    jupiterTexture = vec3(pow(jupiterTexture.x, 3.5), pow(jupiterTexture.y, 6.0), pow(jupiterTexture.z, 8.0))*3.5;\n    \n    \/\/Io\n    vec4 ioSurfaceWithMask = generateSphereSurfaceWithMask(uv + vec2(-0.32, -0.2), 0.07);\n    float ioLight = pow(max(dot(lightDirection, ioSurfaceWithMask.xyz), 0.0), 0.4);\n    vec4 ioAtmosphere = atmosphere( ioSurfaceWithMask, lightDirection, vec3(1.0, 0.9, 0.8) * 1.5, 0.06, 0.03, 1.0, 4.0);\n    float ioMask = clamp(ioSurfaceWithMask.w, 0.0, 1.0);\n    mat3 ioRotationMatrix = createRotationMatrix(0.4, -0.1);\n    vec3 rotatedIo = ioRotationMatrix * (ioSurfaceWithMask.xyz * ioMask);\n    vec2 ioUV = generateSphericalUV(rotatedIo, -iTime*0.05);\n    vec3 ioTexture = texture(iChannel2, fract((ioUV + vec2(0.0, 0.8))* aspectFactor)\/aspectFactor, -10.0).xyz;\n    ioTexture = vec3(min(pow(1.0 - ioTexture.x, 5.5)*2.0, 1.0));\n    \n    \/\/Stars\n    vec3 stars = vec3(pow(texture(iChannel1, uv).x, 25.0)) * vec3(1.0, 0.4, 0.3) * 3.0;\n    vec2 nebulaUV = QuakeLavaUV(uv, 0.04, 0.06, 13.0, iTime);\n    vec3 nebulaTexture = texture(iChannel3, nebulaUV).xyz;\n    float nabulaFade = pow(max(1.0 - uv.y, 0.0), 2.5)*0.5;\n    vec3 nebulaTint =  vec3(0.9, 0.3, 0.4);\n    vec3 nebula = vec3(pow(nebulaTexture.x, 2.0)) * nabulaFade * nebulaTint;\n    stars += nebula;\n    \n\n    \n    \/\/Combining\n    vec3 jupiterWithBackground = mix(stars, jupiterTexture * jupiterLight, jupiterMask);\n    vec3 jupiterWithAtmosphere = mix(jupiterWithBackground, jupiterAtmosphere.xyz, jupiterAtmosphere.w);\n    vec3 jupiterWithIo = mix(jupiterWithAtmosphere, ioTexture * ioLight, ioMask);\n    vec3 jupiterWithIoWithAtmosphere = mix(jupiterWithIo, ioAtmosphere.xyz, ioAtmosphere.w);\n    \n    \n    vec2 overlayUV = fragCoord.xy\/ iResolution.xy;\n    vec3 overlayColor = mix(0.3, 0.9, pow(overlayUV.x, 1.7)) * vec3(1.0, 0.35, 0.1)*1.4;\n    vec3 imageWithOverlay = mix(jupiterWithIoWithAtmosphere, overlayColor, pow(1.0 - overlayUV.y*0.5, 5.0)*0.7 + 0.1);\n\n\n    fragColor = vec4(imageWithOverlay, 1.0);\n    \/\/fragColor = atmosphere*atmosphere.w;\n}",
                "name": "Image",
                "description": "",
                "type": "image"
            },
            {
                "inputs": [],
                "outputs": [],
                "code": "#define TILING 1.0\n\n\nint WrapIndexX(int index){\n    return (index % 16 + 16) % 16;}\n\nint WrapIndexY(int index){\n    return (index % 16 + 16) % 16;}\n\nvec3 sampleJupiterASmoothstepFilter(vec2 uv)\n{\n    vec2 imageSize = vec2(16, 16);\n    const vec3 image[256] = vec3[](\n    vec3(0.906,0.780, 0.678),vec3(0.906,0.780, 0.678),vec3(0.906,0.780, 0.678),vec3(0.906,0.780, 0.678),vec3(0.808,0.714, 0.647),vec3(0.808,0.714, 0.647),vec3(0.655,0.510, 0.451),vec3(0.655,0.510, 0.451),vec3(0.796,0.643, 0.557),vec3(0.796,0.643, 0.557),vec3(1.000,0.906, 0.808),vec3(1.000,0.906, 0.808),vec3(1.000,0.937, 0.839),vec3(1.000,0.937, 0.839),vec3(0.804,0.671, 0.580),vec3(0.804,0.671, 0.580),\n    vec3(0.733,0.573, 0.471),vec3(0.388,0.157, 0.063),vec3(0.561,0.365, 0.267),vec3(0.561,0.365, 0.267),vec3(0.655,0.510, 0.451),vec3(0.655,0.510, 0.451),vec3(0.655,0.510, 0.451),vec3(0.502,0.310, 0.255),vec3(0.388,0.125, 0.063),vec3(0.592,0.384, 0.310),vec3(0.796,0.643, 0.557),vec3(0.592,0.384, 0.310),vec3(0.804,0.671, 0.580),vec3(0.612,0.404, 0.322),vec3(0.804,0.671, 0.580),vec3(0.804,0.671, 0.580),\n    vec3(0.733,0.573, 0.471),vec3(0.561,0.365, 0.267),vec3(0.561,0.365, 0.267),vec3(0.388,0.157, 0.063),vec3(0.353,0.110, 0.063),vec3(0.353,0.110, 0.063),vec3(0.502,0.310, 0.255),vec3(0.808,0.714, 0.647),vec3(0.592,0.384, 0.310),vec3(0.388,0.125, 0.063),vec3(0.592,0.384, 0.310),vec3(0.592,0.384, 0.310),vec3(0.612,0.404, 0.322),vec3(0.420,0.141, 0.063),vec3(0.420,0.141, 0.063),vec3(0.420,0.141, 0.063),\n    vec3(0.733,0.573, 0.471),vec3(0.733,0.573, 0.471),vec3(0.733,0.573, 0.471),vec3(0.561,0.365, 0.267),vec3(0.353,0.110, 0.063),vec3(0.655,0.510, 0.451),vec3(0.655,0.510, 0.451),vec3(0.655,0.510, 0.451),vec3(0.796,0.643, 0.557),vec3(0.796,0.643, 0.557),vec3(0.592,0.384, 0.310),vec3(0.796,0.643, 0.557),vec3(0.612,0.404, 0.322),vec3(0.612,0.404, 0.322),vec3(0.612,0.404, 0.322),vec3(0.612,0.404, 0.322),\n    vec3(0.710,0.510, 0.420),vec3(0.710,0.510, 0.420),vec3(0.588,0.416, 0.353),vec3(0.588,0.416, 0.353),vec3(0.592,0.451, 0.420),vec3(0.537,0.376, 0.322),vec3(0.537,0.376, 0.322),vec3(0.537,0.376, 0.322),vec3(0.549,0.384, 0.322),vec3(0.549,0.384, 0.322),vec3(0.678,0.502, 0.420),vec3(0.678,0.502, 0.420),vec3(0.667,0.490, 0.431),vec3(0.808,0.604, 0.518),vec3(0.667,0.490, 0.431),vec3(0.667,0.490, 0.431),\n    vec3(0.588,0.416, 0.353),vec3(0.471,0.325, 0.286),vec3(0.588,0.416, 0.353),vec3(0.588,0.416, 0.353),vec3(0.592,0.451, 0.420),vec3(0.482,0.302, 0.224),vec3(0.592,0.451, 0.420),vec3(0.482,0.302, 0.224),vec3(0.678,0.502, 0.420),vec3(0.549,0.384, 0.322),vec3(0.678,0.502, 0.420),vec3(0.808,0.620, 0.518),vec3(0.525,0.380, 0.345),vec3(0.525,0.380, 0.345),vec3(0.808,0.604, 0.518),vec3(0.525,0.380, 0.345),\n    vec3(0.471,0.325, 0.286),vec3(0.471,0.325, 0.286),vec3(0.710,0.510, 0.420),vec3(0.588,0.416, 0.353),vec3(0.537,0.376, 0.322),vec3(0.592,0.451, 0.420),vec3(0.592,0.451, 0.420),vec3(0.592,0.451, 0.420),vec3(0.678,0.502, 0.420),vec3(0.420,0.271, 0.224),vec3(0.678,0.502, 0.420),vec3(0.420,0.271, 0.224),vec3(0.667,0.490, 0.431),vec3(0.667,0.490, 0.431),vec3(0.667,0.490, 0.431),vec3(0.667,0.490, 0.431),\n    vec3(0.588,0.416, 0.353),vec3(0.710,0.510, 0.420),vec3(0.471,0.325, 0.286),vec3(0.353,0.235, 0.224),vec3(0.592,0.451, 0.420),vec3(0.647,0.525, 0.518),vec3(0.647,0.525, 0.518),vec3(0.592,0.451, 0.420),vec3(0.678,0.502, 0.420),vec3(0.420,0.271, 0.224),vec3(0.420,0.271, 0.224),vec3(0.549,0.384, 0.322),vec3(0.388,0.271, 0.259),vec3(0.667,0.490, 0.431),vec3(0.525,0.380, 0.345),vec3(0.388,0.271, 0.259),\n    vec3(0.525,0.388, 0.341),vec3(0.525,0.388, 0.341),vec3(0.353,0.204, 0.161),vec3(0.525,0.388, 0.341),vec3(0.569,0.443, 0.408),vec3(0.451,0.302, 0.259),vec3(0.451,0.302, 0.259),vec3(0.686,0.584, 0.557),vec3(0.518,0.380, 0.353),vec3(0.667,0.545, 0.502),vec3(0.518,0.380, 0.353),vec3(0.667,0.545, 0.502),vec3(0.655,0.506, 0.427),vec3(0.655,0.506, 0.427),vec3(0.518,0.333, 0.224),vec3(0.655,0.506, 0.427),\n    vec3(0.698,0.576, 0.525),vec3(0.698,0.576, 0.525),vec3(0.698,0.576, 0.525),vec3(0.525,0.388, 0.341),vec3(0.686,0.584, 0.557),vec3(0.808,0.729, 0.710),vec3(0.686,0.584, 0.557),vec3(0.569,0.443, 0.408),vec3(0.667,0.545, 0.502),vec3(0.816,0.710, 0.655),vec3(0.816,0.710, 0.655),vec3(0.816,0.710, 0.655),vec3(0.796,0.682, 0.631),vec3(0.796,0.682, 0.631),vec3(0.796,0.682, 0.631),vec3(0.655,0.506, 0.427),\n    vec3(0.698,0.576, 0.525),vec3(0.871,0.765, 0.710),vec3(0.871,0.765, 0.710),vec3(0.698,0.576, 0.525),vec3(0.686,0.584, 0.557),vec3(0.686,0.584, 0.557),vec3(0.808,0.729, 0.710),vec3(0.808,0.729, 0.710),vec3(0.816,0.710, 0.655),vec3(0.816,0.710, 0.655),vec3(0.969,0.875, 0.808),vec3(0.816,0.710, 0.655),vec3(0.796,0.682, 0.631),vec3(0.937,0.859, 0.839),vec3(0.937,0.859, 0.839),vec3(0.937,0.859, 0.839),\n    vec3(0.871,0.765, 0.710),vec3(0.871,0.765, 0.710),vec3(0.871,0.765, 0.710),vec3(0.871,0.765, 0.710),vec3(0.686,0.584, 0.557),vec3(0.808,0.729, 0.710),vec3(0.808,0.729, 0.710),vec3(0.686,0.584, 0.557),vec3(0.667,0.545, 0.502),vec3(0.816,0.710, 0.655),vec3(0.969,0.875, 0.808),vec3(0.816,0.710, 0.655),vec3(0.796,0.682, 0.631),vec3(0.796,0.682, 0.631),vec3(0.518,0.333, 0.224),vec3(0.796,0.682, 0.631),\n    vec3(0.827,0.686, 0.624),vec3(0.655,0.471, 0.376),vec3(0.655,0.471, 0.376),vec3(0.655,0.471, 0.376),vec3(0.580,0.424, 0.353),vec3(0.580,0.424, 0.353),vec3(0.482,0.286, 0.192),vec3(0.776,0.698, 0.678),vec3(0.667,0.514, 0.439),vec3(0.667,0.514, 0.439),vec3(0.816,0.694, 0.624),vec3(0.518,0.333, 0.259),vec3(0.451,0.235, 0.192),vec3(0.451,0.235, 0.192),vec3(0.631,0.459, 0.396),vec3(0.631,0.459, 0.396),\n    vec3(0.827,0.686, 0.624),vec3(0.655,0.471, 0.376),vec3(0.655,0.471, 0.376),vec3(0.655,0.471, 0.376),vec3(0.580,0.424, 0.353),vec3(0.580,0.424, 0.353),vec3(0.580,0.424, 0.353),vec3(0.580,0.424, 0.353),vec3(0.518,0.333, 0.259),vec3(0.816,0.694, 0.624),vec3(0.816,0.694, 0.624),vec3(0.816,0.694, 0.624),vec3(0.451,0.235, 0.192),vec3(0.631,0.459, 0.396),vec3(0.816,0.682, 0.600),vec3(0.816,0.682, 0.600),\n    vec3(0.655,0.471, 0.376),vec3(0.482,0.255, 0.129),vec3(0.827,0.686, 0.624),vec3(0.655,0.471, 0.376),vec3(0.482,0.286, 0.192),vec3(0.580,0.424, 0.353),vec3(0.678,0.561, 0.514),vec3(0.580,0.424, 0.353),vec3(0.667,0.514, 0.439),vec3(0.816,0.694, 0.624),vec3(0.667,0.514, 0.439),vec3(0.667,0.514, 0.439),vec3(0.816,0.682, 0.600),vec3(0.816,0.682, 0.600),vec3(0.631,0.459, 0.396),vec3(0.451,0.235, 0.192),\n    vec3(0.827,0.686, 0.624),vec3(1.000,0.906, 0.871),vec3(1.000,0.906, 0.871),vec3(0.827,0.686, 0.624),vec3(0.776,0.698, 0.678),vec3(0.776,0.698, 0.678),vec3(0.776,0.698, 0.678),vec3(0.776,0.698, 0.678),vec3(0.816,0.694, 0.624),vec3(0.969,0.875, 0.808),vec3(0.969,0.875, 0.808),vec3(0.969,0.875, 0.808),vec3(1.000,0.906, 0.808),vec3(1.000,0.906, 0.808),vec3(0.816,0.682, 0.600),vec3(1.000,0.906, 0.808));\n    int xIndex = int(floor(uv.x * imageSize.x - 0.5));\n    int yIndex = int(floor(uv.y * imageSize.y - 0.5));\n    vec3 sample00 = image[WrapIndexY(yIndex) * 16 + WrapIndexX(xIndex)];\n    vec3 sample10 = image[WrapIndexY(yIndex) * 16 + WrapIndexX(xIndex + 1)];\n    vec3 sample01 = image[WrapIndexY(yIndex + 1) * 16 + WrapIndexX(xIndex)];\n    vec3 sample11 = image[WrapIndexY(yIndex + 1) * 16 + WrapIndexX(xIndex + 1)];\n    float xFactor = smoothstep(0.0, 1.0, fract(uv.x * imageSize.x - 0.5));\n    float yFactor = smoothstep(0.0, 1.0, fract(uv.y * imageSize.y - 0.5));\n    vec3 interpolated = mix(mix(sample00, sample10, xFactor), mix(sample01, sample11, xFactor), yFactor);\n    return interpolated;\n}\n\nvec2 hash( vec2 p ) \n{\n\tp = vec2( dot(p,vec2(127.1,311.7)), dot(p,vec2(269.5,183.3)) );\n\treturn -1.0 + 2.0*fract(sin(p)*43758.5453123);\n}\n\nfloat simplexNoise( in vec2 p )\n{\n    const float K1 = 0.366025404; \/\/ (sqrt(3)-1)\/2;\n    const float K2 = 0.211324865; \/\/ (3-sqrt(3))\/6;\n\n\tvec2  i = floor( p + (p.x+p.y)*K1 );\n    vec2  a = p - i + (i.x+i.y)*K2;\n    float m = step(a.y,a.x); \n    vec2  o = vec2(m,1.0-m);\n    vec2  b = a - o + K2;\n\tvec2  c = a - 1.0 + 2.0*K2;\n    vec3  h = max( 0.5-vec3(dot(a,a), dot(b,b), dot(c,c) ), 0.0 );\n\tvec3  n = h*h*h*h*vec3( dot(a,hash(i+0.0)), dot(b,hash(i+o)), dot(c,hash(i+1.0)));\n    return dot( n, vec3(70.0) );\n}\n\nvec3 sampleJupiterBSmoothstepFilter(vec2 uv)\n{\n    vec2 imageSize = vec2(16, 16);\n    const vec3 image[256] = vec3[](\n    vec3(0.969,0.937, 0.871),vec3(0.557,0.384, 0.329),vec3(0.969,0.937, 0.871),vec3(0.353,0.110, 0.063),vec3(0.753,0.643, 0.588),vec3(0.753,0.643, 0.588),vec3(0.753,0.643, 0.588),vec3(0.753,0.643, 0.588),vec3(0.804,0.690, 0.631),vec3(0.969,0.922, 0.871),vec3(0.643,0.463, 0.396),vec3(0.969,0.922, 0.871),vec3(0.353,0.094, 0.031),vec3(0.784,0.655, 0.569),vec3(0.784,0.655, 0.569),vec3(1.000,0.937, 0.839),\n    vec3(0.969,0.937, 0.871),vec3(0.557,0.384, 0.329),vec3(0.969,0.937, 0.871),vec3(0.557,0.384, 0.329),vec3(0.937,0.906, 0.839),vec3(0.937,0.906, 0.839),vec3(0.569,0.384, 0.341),vec3(0.753,0.643, 0.588),vec3(0.482,0.235, 0.161),vec3(0.804,0.690, 0.631),vec3(0.482,0.235, 0.161),vec3(0.969,0.922, 0.871),vec3(0.569,0.373, 0.298),vec3(1.000,0.937, 0.839),vec3(0.353,0.094, 0.031),vec3(0.784,0.655, 0.569),\n    vec3(0.969,0.937, 0.871),vec3(0.353,0.110, 0.063),vec3(0.761,0.659, 0.600),vec3(0.557,0.384, 0.329),vec3(0.753,0.643, 0.588),vec3(0.388,0.125, 0.094),vec3(0.753,0.643, 0.588),vec3(0.937,0.906, 0.839),vec3(0.482,0.235, 0.161),vec3(0.969,0.922, 0.871),vec3(0.482,0.235, 0.161),vec3(0.969,0.922, 0.871),vec3(0.569,0.373, 0.298),vec3(1.000,0.937, 0.839),vec3(0.784,0.655, 0.569),vec3(0.569,0.373, 0.298),\n    vec3(0.969,0.937, 0.871),vec3(0.353,0.110, 0.063),vec3(0.969,0.937, 0.871),vec3(0.557,0.384, 0.329),vec3(0.937,0.906, 0.839),vec3(0.388,0.125, 0.094),vec3(0.569,0.384, 0.341),vec3(0.937,0.906, 0.839),vec3(0.643,0.463, 0.396),vec3(0.804,0.690, 0.631),vec3(0.643,0.463, 0.396),vec3(0.804,0.690, 0.631),vec3(0.353,0.094, 0.031),vec3(0.784,0.655, 0.569),vec3(0.784,0.655, 0.569),vec3(0.569,0.373, 0.298),\n    vec3(0.451,0.235, 0.161),vec3(0.612,0.447, 0.384),vec3(0.612,0.447, 0.384),vec3(0.612,0.447, 0.384),vec3(0.290,0.141, 0.129),vec3(0.871,0.667, 0.549),vec3(0.290,0.141, 0.129),vec3(0.871,0.667, 0.549),vec3(0.525,0.306, 0.255),vec3(0.698,0.549, 0.482),vec3(0.698,0.549, 0.482),vec3(0.871,0.796, 0.710),vec3(0.722,0.580, 0.502),vec3(0.906,0.796, 0.710),vec3(0.537,0.369, 0.298),vec3(0.722,0.580, 0.502),\n    vec3(0.451,0.235, 0.161),vec3(0.451,0.235, 0.161),vec3(0.451,0.235, 0.161),vec3(0.451,0.235, 0.161),vec3(0.675,0.490, 0.408),vec3(0.675,0.490, 0.408),vec3(0.290,0.141, 0.129),vec3(0.290,0.141, 0.129),vec3(0.353,0.063, 0.031),vec3(0.353,0.063, 0.031),vec3(0.698,0.549, 0.482),vec3(0.525,0.306, 0.255),vec3(0.722,0.580, 0.502),vec3(0.537,0.369, 0.298),vec3(0.353,0.157, 0.094),vec3(0.722,0.580, 0.502),\n    vec3(0.612,0.447, 0.384),vec3(0.773,0.659, 0.612),vec3(0.612,0.447, 0.384),vec3(0.773,0.659, 0.612),vec3(0.675,0.490, 0.408),vec3(0.675,0.490, 0.408),vec3(0.871,0.667, 0.549),vec3(0.871,0.667, 0.549),vec3(0.698,0.549, 0.482),vec3(0.871,0.796, 0.710),vec3(0.871,0.796, 0.710),vec3(0.525,0.306, 0.255),vec3(0.722,0.580, 0.502),vec3(0.722,0.580, 0.502),vec3(0.722,0.580, 0.502),vec3(0.537,0.369, 0.298),\n    vec3(0.612,0.447, 0.384),vec3(0.937,0.875, 0.839),vec3(0.612,0.447, 0.384),vec3(0.773,0.659, 0.612),vec3(0.482,0.314, 0.267),vec3(0.482,0.314, 0.267),vec3(0.675,0.490, 0.408),vec3(0.675,0.490, 0.408),vec3(0.871,0.796, 0.710),vec3(0.525,0.306, 0.255),vec3(0.871,0.796, 0.710),vec3(0.525,0.306, 0.255),vec3(0.906,0.796, 0.710),vec3(0.353,0.157, 0.094),vec3(0.722,0.580, 0.502),vec3(0.722,0.580, 0.502),\n    vec3(0.525,0.388, 0.341),vec3(0.729,0.592, 0.525),vec3(0.322,0.188, 0.161),vec3(0.937,0.796, 0.710),vec3(0.569,0.431, 0.384),vec3(0.353,0.188, 0.161),vec3(1.000,0.922, 0.839),vec3(0.569,0.431, 0.384),vec3(0.871,0.729, 0.612),vec3(0.569,0.424, 0.376),vec3(0.718,0.576, 0.494),vec3(0.871,0.729, 0.612),vec3(0.937,0.827, 0.776),vec3(0.678,0.537, 0.471),vec3(0.678,0.537, 0.471),vec3(0.549,0.396, 0.322),\n    vec3(0.525,0.388, 0.341),vec3(0.937,0.796, 0.710),vec3(0.525,0.388, 0.341),vec3(0.937,0.796, 0.710),vec3(0.569,0.431, 0.384),vec3(0.353,0.188, 0.161),vec3(0.353,0.188, 0.161),vec3(0.569,0.431, 0.384),vec3(0.420,0.271, 0.259),vec3(0.569,0.424, 0.376),vec3(0.718,0.576, 0.494),vec3(0.569,0.424, 0.376),vec3(0.678,0.537, 0.471),vec3(0.678,0.537, 0.471),vec3(0.937,0.827, 0.776),vec3(0.678,0.537, 0.471),\n    vec3(0.525,0.388, 0.341),vec3(0.525,0.388, 0.341),vec3(0.322,0.188, 0.161),vec3(0.525,0.388, 0.341),vec3(0.353,0.188, 0.161),vec3(0.784,0.675, 0.612),vec3(0.569,0.431, 0.384),vec3(0.569,0.431, 0.384),vec3(0.718,0.576, 0.494),vec3(0.569,0.424, 0.376),vec3(0.569,0.424, 0.376),vec3(0.420,0.271, 0.259),vec3(0.549,0.396, 0.322),vec3(0.549,0.396, 0.322),vec3(0.937,0.827, 0.776),vec3(0.808,0.682, 0.624),\n    vec3(0.322,0.188, 0.161),vec3(0.937,0.796, 0.710),vec3(0.322,0.188, 0.161),vec3(0.729,0.592, 0.525),vec3(0.784,0.675, 0.612),vec3(0.784,0.675, 0.612),vec3(0.784,0.675, 0.612),vec3(0.569,0.431, 0.384),vec3(0.718,0.576, 0.494),vec3(0.569,0.424, 0.376),vec3(0.871,0.729, 0.612),vec3(0.718,0.576, 0.494),vec3(0.549,0.396, 0.322),vec3(0.549,0.396, 0.322),vec3(0.808,0.682, 0.624),vec3(0.937,0.827, 0.776),\n    vec3(0.847,0.776, 0.722),vec3(1.000,0.984, 0.937),vec3(0.847,0.776, 0.722),vec3(0.847,0.776, 0.722),vec3(0.557,0.396, 0.341),vec3(0.761,0.651, 0.588),vec3(0.761,0.651, 0.588),vec3(0.761,0.651, 0.588),vec3(0.761,0.651, 0.624),vec3(0.761,0.651, 0.624),vec3(0.761,0.651, 0.624),vec3(0.557,0.380, 0.376),vec3(0.804,0.718, 0.655),vec3(0.804,0.718, 0.655),vec3(0.804,0.718, 0.655),vec3(0.804,0.718, 0.655),\n    vec3(0.847,0.776, 0.722),vec3(0.847,0.776, 0.722),vec3(0.698,0.569, 0.506),vec3(0.847,0.776, 0.722),vec3(0.969,0.906, 0.839),vec3(0.557,0.396, 0.341),vec3(0.969,0.906, 0.839),vec3(0.969,0.906, 0.839),vec3(0.969,0.922, 0.871),vec3(0.969,0.922, 0.871),vec3(0.969,0.922, 0.871),vec3(0.969,0.922, 0.871),vec3(1.000,0.969, 0.937),vec3(1.000,0.969, 0.937),vec3(0.420,0.220, 0.094),vec3(0.612,0.467, 0.373),\n    vec3(0.847,0.776, 0.722),vec3(0.847,0.776, 0.722),vec3(0.847,0.776, 0.722),vec3(1.000,0.984, 0.937),vec3(0.353,0.141, 0.094),vec3(0.353,0.141, 0.094),vec3(0.969,0.906, 0.839),vec3(0.557,0.396, 0.341),vec3(0.761,0.651, 0.624),vec3(0.761,0.651, 0.624),vec3(0.761,0.651, 0.624),vec3(0.761,0.651, 0.624),vec3(1.000,0.969, 0.937),vec3(0.420,0.220, 0.094),vec3(1.000,0.969, 0.937),vec3(0.420,0.220, 0.094),\n    vec3(0.549,0.365, 0.290),vec3(0.847,0.776, 0.722),vec3(0.549,0.365, 0.290),vec3(0.847,0.776, 0.722),vec3(0.557,0.396, 0.341),vec3(0.969,0.906, 0.839),vec3(0.969,0.906, 0.839),vec3(0.761,0.651, 0.588),vec3(0.969,0.922, 0.871),vec3(0.353,0.110, 0.129),vec3(0.969,0.922, 0.871),vec3(0.761,0.651, 0.624),vec3(1.000,0.969, 0.937),vec3(0.804,0.718, 0.655),vec3(1.000,0.969, 0.937),vec3(0.420,0.220, 0.094));\n    int xIndex = int(floor(uv.x * imageSize.x - 0.5));\n    int yIndex = int(floor(uv.y * imageSize.y - 0.5));\n    vec3 sample00 = image[WrapIndexY(yIndex) * 16 + WrapIndexX(xIndex)];\n    vec3 sample10 = image[WrapIndexY(yIndex) * 16 + WrapIndexX(xIndex + 1)];\n    vec3 sample01 = image[WrapIndexY(yIndex + 1) * 16 + WrapIndexX(xIndex)];\n    vec3 sample11 = image[WrapIndexY(yIndex + 1) * 16 + WrapIndexX(xIndex + 1)];\n    float xFactor = smoothstep(0.0, 1.0, fract(uv.x * imageSize.x - 0.5));\n    float yFactor = smoothstep(0.0, 1.0, fract(uv.y * imageSize.y - 0.5));\n    vec3 interpolated = mix(mix(sample00, sample10, xFactor), mix(sample01, sample11, xFactor), yFactor);\n    return interpolated;\n}\n\nvec2 QuakeLavaUV(vec2 coords, float amplitude, float speed, float frequency, float time)\n{\n    float scaledTime = time * speed;\n    vec2 scaledCoords = coords * frequency;\n    float x = sin(scaledTime + scaledCoords.x) * amplitude;\n    float y = sin(scaledTime + scaledCoords.y) * amplitude;\n    return coords + vec2(y, x);\n}\n\nfloat SeedFromResolution(vec3 resolution) {\n    return resolution.x - resolution.y;\n}\n\n\n",
                "name": "Common",
                "description": "",
                "type": "common"
            },
            {
                "inputs": [
                    {
                        "id": "4sf3Rn",
                        "filepath": "\/media\/a\/0a40562379b63dfb89227e6d172f39fdce9022cba76623f1054a2c83d6c0ba5d.png",
                        "previewfilepath": "\/media\/ap\/0a40562379b63dfb89227e6d172f39fdce9022cba76623f1054a2c83d6c0ba5d.png",
                        "type": "texture",
                        "channel": 0,
                        "sampler": {
                            "filter": "mipmap",
                            "wrap": "repeat",
                            "vflip": "true",
                            "srgb": "false",
                            "internal": "byte"
                        },
                        "published": 1
                    },
                    {
                        "id": "4dXGzn",
                        "filepath": "\/media\/a\/0c7bf5fe9462d5bffbd11126e82908e39be3ce56220d900f633d58fb432e56f5.png",
                        "previewfilepath": "\/media\/ap\/0c7bf5fe9462d5bffbd11126e82908e39be3ce56220d900f633d58fb432e56f5.png",
                        "type": "texture",
                        "channel": 2,
                        "sampler": {
                            "filter": "mipmap",
                            "wrap": "repeat",
                            "vflip": "true",
                            "srgb": "false",
                            "internal": "byte"
                        },
                        "published": 1
                    },
                    {
                        "id": "4dXGR8",
                        "filepath": "\/media\/previz\/buffer00.png",
                        "previewfilepath": "\/media\/previz\/buffer00.png",
                        "type": "buffer",
                        "channel": 1,
                        "sampler": {
                            "filter": "linear",
                            "wrap": "clamp",
                            "vflip": "true",
                            "srgb": "false",
                            "internal": "byte"
                        },
                        "published": 1
                    }
                ],
                "outputs": [
                    {
                        "id": "4dXGR8",
                        "channel": 0
                    }
                ],
                "code": "void mainImage( out vec4 fragColor, in vec2 fragCoord )\n{\n    bool firstFrame = iFrame == 0;\n    \n    float oldTextureSeed = texture(iChannel1,vec2(0.0, 0.0)).w;\n    float newTextureSeed = SeedFromResolution(iResolution);\n    bool resolutionChange = oldTextureSeed != newTextureSeed;\n\n    \n    float shorterSide = min(iResolution.x, iResolution.y);\n    float aspectRatio = iResolution.x \/ iResolution.y;\n    vec2 uv = fract(fragCoord \/ shorterSide - vec2(0.5,  0.5)); \n    \n    float sourceNoise = texture(iChannel0, uv + vec2(-0.03, 0.0) * iTime, -1000.0).x;\n    float sourceMask = clamp(((sourceNoise - 0.5) * 10.0) + 0.5, 0.0, 1.0);\n    \n    vec2 dotsUV = QuakeLavaUV(uv, 0.01, 4.0, 37.699, iTime);    \n    float dotsA = pow(texture(iChannel0, dotsUV * 3.0 + iTime * vec2( -0.1,-0.1), -1000.0).x, 5.5);\n    float dotsB = pow(texture(iChannel0,-dotsUV * 5.0 + iTime * vec2( 0.1, 0.1), -1000.0).x, 5.5);\n    float dots = max(dotsA, dotsB);\n    \n    vec2 turbulenceUVA = QuakeLavaUV(uv, 0.005, 2.0, 37.699, iTime);    \n    float turbulenceNoiseA = simplexNoise( turbulenceUVA * 6.0 + vec2(iTime * 1.0, 0.0));\n    vec2 turbulenceA = vec2( dFdy(turbulenceNoiseA), -dFdx(turbulenceNoiseA));\n\n    vec2 turbulenceUVB = QuakeLavaUV(uv, 0.002, 4.0, 157.079, iTime);    \n    float turbulenceNoiseB = texture(iChannel0, turbulenceUVB + iTime * vec2( -0.05, 0.0), -1000.0).x;\n    vec2 turbulenceB = vec2( dFdy(turbulenceNoiseB), -dFdx(turbulenceNoiseB));\n    \n    vec3 jupiterA = sampleJupiterASmoothstepFilter(uv*1.0);\n    vec3 jupiterB = sampleJupiterBSmoothstepFilter(uv*1.0);\n    \n    vec2 combinedVelocity = turbulenceA * 0.015 + turbulenceB * 0.004 + vec2(sin(uv.y * 40.0)+1.5, 0.0) * 0.0006;\n    \n    vec3 sourceColor = mix(jupiterA, jupiterB, sourceMask);\n    \n    if(firstFrame || resolutionChange)\n    {\n        fragColor = vec4(sourceColor, newTextureSeed);\n    }\n    else\n    {    \n    float minDimension = min(iResolution.x, iResolution.y);\n    float maxDimension = max(iResolution.x, iResolution.y);\n    float maxAspectRatio = maxDimension \/ minDimension;\n    vec2 aspectFactor = iResolution.x > iResolution.y ? vec2(maxAspectRatio, 1.0) : vec2(1.0, maxAspectRatio);\n    vec2 previousUV = fract(fragCoord \/ iResolution.xy * aspectFactor)\/ aspectFactor;  \n    \n    vec3 previousFrame = texture(iChannel1, previousUV + combinedVelocity).xyz;\n    vec3 previousMixedWithSource = mix(previousFrame, sourceColor, dots*0.04 );\n\n    fragColor = vec4(previousMixedWithSource, newTextureSeed);\n    }\n    \/\/fragColor = vec4(vec3(turbulenceNoiseB),1.0);\n\n}",
                "name": "Buffer A",
                "description": "",
                "type": "buffer"
            },
            {
                "inputs": [
                    {
                        "id": "4dXGR8",
                        "filepath": "\/media\/previz\/buffer00.png",
                        "previewfilepath": "\/media\/previz\/buffer00.png",
                        "type": "buffer",
                        "channel": 0,
                        "sampler": {
                            "filter": "linear",
                            "wrap": "clamp",
                            "vflip": "true",
                            "srgb": "false",
                            "internal": "byte"
                        },
                        "published": 1
                    }
                ],
                "outputs": [
                    {
                        "id": "XsXGR8",
                        "channel": 0
                    }
                ],
                "code": "\/\/Sharpen Buffer\n#define strength 5.0\n#define clampValue 0.02\n\nvoid mainImage( out vec4 fragColor, in vec2 fragCoord )\n{\n    vec2 uv = fragCoord\/iResolution.xy;\n    float xPixelOffset = 1.0\/iResolution.x;\n    float yPixelOffset = 1.0\/iResolution.y;\n    vec3 centerSample = texture(iChannel0, uv).xyz;\n    vec3 northSample  = texture(iChannel0, uv + vec2( 0.0, yPixelOffset)).xyz;\n    vec3 southSample  = texture(iChannel0, uv + vec2( 0.0,-yPixelOffset)).xyz;\n    vec3 eastSample   = texture(iChannel0, uv + vec2(  xPixelOffset,  0.0)).xyz;\n    vec3 westSample   = texture(iChannel0, uv + vec2( -xPixelOffset, 0.0)).xyz;\n    vec3 sharpen = (4.0*centerSample - northSample - southSample - eastSample - westSample) * strength;\n    sharpen = clamp(sharpen, -clampValue, clampValue);\n    vec3 sharpenedInput = clamp(centerSample + sharpen, 0.0, 1.0);\n    fragColor = vec4(sharpenedInput, 1.0);\n    \n}",
                "name": "Buffer B",
                "description": "",
                "type": "buffer"
            }
        ]
    }
]